{"cameraMode":{"drawMode":0,"name":"Shaded","section":"Shading Mode"},"sceneLighting":true,"audioPlay":false,"sceneViewState":{"m_AlwaysRefresh":false,"showFog":true,"showSkybox":true,"showFlares":true,"showImageEffects":true,"showParticleSystems":true,"showVisualEffectGraphs":true,"m_FxEnabled":true},"in2DMode":false,"pivot":{"x":-0.7634533643722534,"y":2.5778353214263918,"z":-0.781103789806366},"rotation":{"x":-0.029788972809910775,"y":0.9546951651573181,"z":-0.1023600772023201,"w":-0.27783626317977908},"size":0.23049761354923249,"orthographic":false}