{"cameraMode":{"drawMode":0,"name":"Shaded","section":"Shading Mode"},"sceneLighting":true,"audioPlay":false,"sceneViewState":{"m_AlwaysRefresh":false,"showFog":true,"showSkybox":true,"showFlares":true,"showImageEffects":true,"showParticleSystems":true,"showVisualEffectGraphs":true,"m_FxEnabled":true},"in2DMode":false,"pivot":{"x":-1.0633940696716309,"y":7.262921333312988,"z":-2.1271986961364748},"rotation":{"x":-0.1206878125667572,"y":-0.22382809221744538,"z":-0.02793044038116932,"w":0.9667709469795227},"size":11.659974098205567,"orthographic":false}